Latitude,Longitude,Name,Sector Name,Sub Sector Name,Project Name,Start Date,Finish Date,Appraisal,Project Cost,Source,AfDB Funding,AfDF Funding,Total Bank Group Funding
1,38,Kenya,Multi-Sector,Multi-Sector,K-REP BANK OF KENYA EQUITY 2,2/27/2009 0:00,1/19/2028 0:00,4/1/2009 0:00,1078066269,Project Name ; no available docs," Ksh1,494,540.00 ", Ksh-   ," Ksh1,494,540.00 "
-1.2833333,36.8166667,Kenya,Multi-Sector,Multi-Sector,K-REP BANK OF KENYA EQUITY 2,2/27/2009 0:00,1/19/2028 0:00,4/1/2009 0:00,1078066269,PAR," Ksh1,494,540.00 ", Ksh-   ," Ksh1,494,540.00 "
-3.933333,39.566667,Kenya,Power,Electricity,MOMBASSA NAIROBI TRANSMISSION LINE PROJECT,1/3/2008 0:00,12/31/2012 0:00,2/15/2009 0:00,183830000,Project Brief, Ksh-   ," Ksh50,000,000.00 "," Ksh50,000,000.00 "
-3,39.5,Kenya,Power,Electricity,MOMBASSA NAIROBI TRANSMISSION LINE PROJECT,1/3/2008 0:00,12/31/2012 0:00,2/15/2009 0:00,183830000,Project Brief, Ksh-   ," Ksh50,000,000.00 "," Ksh50,000,000.00 "
0.5,36,Kenya,Power,Electricity,MOMBASSA NAIROBI TRANSMISSION LINE PROJECT,1/3/2008 0:00,12/31/2012 0:00,2/15/2009 0:00,183830000,Project Brief, Ksh-   ," Ksh50,000,000.00 "," Ksh50,000,000.00 "
-1.283333,36.833333,Kenya,Power,Electricity,MOMBASSA NAIROBI TRANSMISSION LINE PROJECT,1/3/2008 0:00,12/31/2012 0:00,2/15/2009 0:00,183830000,Project Brief, Ksh-   ," Ksh50,000,000.00 "," Ksh50,000,000.00 "
-1.283333,36.816667,Kenya,Power,Electricity,MOMBASSA NAIROBI TRANSMISSION LINE PROJECT,1/3/2008 0:00,12/31/2012 0:00,2/15/2009 0:00,183830000,Project Brief, Ksh-   ," Ksh50,000,000.00 "," Ksh50,000,000.00 "
-4.05,39.666667,Kenya,Power,Electricity,MOMBASSA NAIROBI TRANSMISSION LINE PROJECT,1/3/2008 0:00,12/31/2012 0:00,2/15/2009 0:00,183830000,Project Brief, Ksh-   ," Ksh50,000,000.00 "," Ksh50,000,000.00 "
-1.666667,36.85,Kenya,Power,Electricity,MOMBASSA NAIROBI TRANSMISSION LINE PROJECT,1/3/2008 0:00,12/31/2012 0:00,2/15/2009 0:00,183830000,Project Brief, Ksh-   ," Ksh50,000,000.00 "," Ksh50,000,000.00 "
-1.3,36.916667,Kenya,Power,Electricity,MOMBASSA NAIROBI TRANSMISSION LINE PROJECT,1/3/2008 0:00,12/31/2012 0:00,2/15/2009 0:00,183830000,Project Brief, Ksh-   ," Ksh50,000,000.00 "," Ksh50,000,000.00 "
-1.25,36.9,Kenya,Power,Electricity,MOMBASSA NAIROBI TRANSMISSION LINE PROJECT,1/3/2008 0:00,12/31/2012 0:00,2/15/2009 0:00,183830000,Project Brief, Ksh-   ," Ksh50,000,000.00 "," Ksh50,000,000.00 "
-3.9166667,39.55,Kenya,Power,Electricity,MOMBASSA NAIROBI TRANSMISSION LINE PROJECT,1/3/2008 0:00,12/31/2013 0:00,2/15/2009 0:00,183830000,PAR, Ksh-   ," Ksh50,000,000.00 "," Ksh50,000,000.00 "
-1.29,36.82,Kenya,Power,Electricity,MOMBASSA NAIROBI TRANSMISSION LINE PROJECT,1/3/2008 0:00,12/31/2013 0:00,2/15/2009 0:00,183830000,PAR, Ksh-   ," Ksh50,000,000.00 "," Ksh50,000,000.00 "
-3.61,39.85,Kenya,Power,Electricity,MOMBASSA NAIROBI TRANSMISSION LINE PROJECT,1/3/2008 0:00,12/31/2013 0:00,2/15/2009 0:00,183830000,PAR ; Project Appraisal Report, Ksh-   ," Ksh50,000,000.00 "," Ksh50,000,000.00 "
-4.18,39.45,Kenya,Power,Electricity,MOMBASSA NAIROBI TRANSMISSION LINE PROJECT,1/3/2008 0:00,12/31/2013 0:00,2/15/2009 0:00,183830000,PAR ; Project Appraisal Report, Ksh-   ," Ksh50,000,000.00 "," Ksh50,000,000.00 "
-1.51,37.26,Kenya,Power,Electricity,MOMBASSA NAIROBI TRANSMISSION LINE PROJECT,1/3/2008 0:00,12/31/2013 0:00,2/15/2009 0:00,183830000,PAR ; Project Appraisal Report, Ksh-   ," Ksh50,000,000.00 "," Ksh50,000,000.00 "
-1.8,37.61,Kenya,Power,Electricity,MOMBASSA NAIROBI TRANSMISSION LINE PROJECT,1/3/2008 0:00,12/31/2013 0:00,2/15/2009 0:00,183830000,PAR ; Project Appraisal Report, Ksh-   ," Ksh50,000,000.00 "," Ksh50,000,000.00 "
-3.4,38.37,Kenya,Power,Electricity,MOMBASSA NAIROBI TRANSMISSION LINE PROJECT,1/3/2008 0:00,12/31/2013 0:00,2/15/2009 0:00,183830000,PAR ; Project Appraisal Report, Ksh-   ," Ksh50,000,000.00 "," Ksh50,000,000.00 "
-1.84,36.79,Kenya,Power,Electricity,MOMBASSA NAIROBI TRANSMISSION LINE PROJECT,1/3/2008 0:00,12/31/2013 0:00,2/15/2009 0:00,183830000,PAR ; Project Appraisal Report, Ksh-   ," Ksh50,000,000.00 "," Ksh50,000,000.00 "
0.491939,35.743028,Kenya,Power,Electricity,POWER TRANSMISSION IMPROVEMENT PROJECT,2/10/2010 0:00,12/31/2013 0:00,5/1/2010 0:00,54809537,PAR, Ksh-   ," Ksh50,000,000.00 "," Ksh50,000,000.00 "
0.5,35.333333,Kenya,Power,Electricity,POWER TRANSMISSION IMPROVEMENT PROJECT,2/10/2010 0:00,12/31/2013 0:00,5/1/2010 0:00,54809537,PAR, Ksh-   ," Ksh50,000,000.00 "," Ksh50,000,000.00 "
0.47754,35.55889,Kenya,Power,Electricity,POWER TRANSMISSION IMPROVEMENT PROJECT,2/10/2010 0:00,12/31/2013 0:00,5/1/2010 0:00,54809537,PAR, Ksh-   ," Ksh50,000,000.00 "," Ksh50,000,000.00 "
-0.27,36.38,Kenya,Power,Electricity,POWER TRANSMISSION IMPROVEMENT PROJECT,2/10/2010 0:00,12/31/2013 0:00,5/1/2010 0:00,54809537,PAR, Ksh-   ," Ksh50,000,000.00 "," Ksh50,000,000.00 "
-0.45,37.65,Kenya,Power,Electricity,POWER TRANSMISSION IMPROVEMENT PROJECT,2/10/2010 0:00,12/31/2013 0:00,5/1/2010 0:00,54809537,PAR, Ksh-   ," Ksh50,000,000.00 "," Ksh50,000,000.00 "
-0.52,37.45,Kenya,Power,Electricity,Embu,2/10/2010 0:00,12/31/2013 0:00,5/1/2010 0:00,54809537,PAR, Ksh-   ," Ksh50,000,000.00 "," Ksh50,000,000.00 "
-0.93,38.07,Kenya,Power,Electricity,POWER TRANSMISSION IMPROVEMENT PROJECT,2/10/2010 0:00,12/31/2013 0:00,5/1/2010 0:00,54809537,PAR, Ksh-   ," Ksh50,000,000.00 "," Ksh50,000,000.00 "
-0.88656,36.269571,Kenya,Power,Electricity,POWER TRANSMISSION IMPROVEMENT PROJECT,2/10/2010 0:00,12/31/2013 0:00,5/1/2010 0:00,54809537,Project Appraisal Report, Ksh-   ," Ksh50,000,000.00 "," Ksh50,000,000.00 "
0.438464,37.23345,Kenya,Power,Electricity,POWER TRANSMISSION IMPROVEMENT PROJECT,2/10/2010 0:00,12/31/2013 0:00,5/1/2010 0:00,54809537,pro, Ksh-   ," Ksh50,000,000.00 "," Ksh50,000,000.00 "
-0.48402,36.17126,Kenya,Power,Electricity,POWER TRANSMISSION IMPROVEMENT PROJECT,2/10/2010 0:00,12/31/2013 0:00,5/1/2010 0:00,54809537,Project Appraisal Report, Ksh-   ," Ksh50,000,000.00 "," Ksh50,000,000.00 "
-1.780791,37.628815,Kenya,Power,Electricity,POWER TRANSMISSION IMPROVEMENT PROJECT,2/10/2010 0:00,12/31/2013 0:00,5/1/2010 0:00,54809537,PAR ; Project Appraisal Report, Ksh-   ," Ksh50,000,000.00 "," Ksh50,000,000.00 "
-2.019003,37.371672,Kenya,Power,Electricity,POWER TRANSMISSION IMPROVEMENT PROJECT,2/10/2010 0:00,12/31/2013 0:00,5/1/2010 0:00,54809537,PAR ; Project Appraisal Report, Ksh-   ," Ksh50,000,000.00 "," Ksh50,000,000.00 "
-0.683333,35.118709,Kenya,Power,Electricity,POWER TRANSMISSION IMPROVEMENT PROJECT,2/10/2010 0:00,12/31/2013 0:00,5/1/2010 0:00,54809537,PAR ; Project Appraisal Report, Ksh-   ," Ksh50,000,000.00 "," Ksh50,000,000.00 "
0.042099,36.367342,Kenya,Power,Electricity,POWER TRANSMISSION IMPROVEMENT PROJECT,2/10/2010 0:00,12/31/2013 0:00,5/1/2010 0:00,54809537,PAR ; Project Appraisal Report, Ksh-   ," Ksh50,000,000.00 "," Ksh50,000,000.00 "
-1.078289,35.860117,Kenya,Power,Electricity,POWER TRANSMISSION IMPROVEMENT PROJECT,2/10/2010 0:00,12/31/2013 0:00,5/1/2010 0:00,54809537,PAR ; Project Appraisal Report, Ksh-   ," Ksh50,000,000.00 "," Ksh50,000,000.00 "
0.016667,37.07283,Kenya,Power,Electricity,POWER TRANSMISSION IMPROVEMENT PROJECT,2/10/2010 0:00,12/31/2013 0:00,5/1/2010 0:00,54809537,PAR ; Project Appraisal Report, Ksh-   ," Ksh50,000,000.00 "," Ksh50,000,000.00 "
-0.934351,38.060047,Kenya,Power,Electricity,POWER TRANSMISSION IMPROVEMENT PROJECT,2/10/2010 0:00,12/31/2013 0:00,5/1/2010 0:00,54809537,PAR ; Project Appraisal Report, Ksh-   ," Ksh50,000,000.00 "," Ksh50,000,000.00 "
-1.366963,38.010555,Kenya,Power,Electricity,POWER TRANSMISSION IMPROVEMENT PROJECT,2/10/2010 0:00,12/31/2013 0:00,5/1/2010 0:00,54809537,PAR ; Project Appraisal Report, Ksh-   ," Ksh50,000,000.00 "," Ksh50,000,000.00 "
-0.450559,37.789482,Kenya,Power,Electricity,POWER TRANSMISSION IMPROVEMENT PROJECT,2/10/2010 0:00,12/31/2013 0:00,5/1/2010 0:00,54809537,PAR ; Project Appraisal Report, Ksh-   ," Ksh50,000,000.00 "," Ksh50,000,000.00 "
-0.781291,35.34156,Kenya,Power,Electricity,POWER TRANSMISSION IMPROVEMENT PROJECT,2/10/2010 0:00,12/31/2013 0:00,5/1/2010 0:00,54809537,PAR ; Project Appraisal Report, Ksh-   ," Ksh50,000,000.00 "," Ksh50,000,000.00 "
0.30846,35.08311,Kenya,Power,Electricity,POWER TRANSMISSION IMPROVEMENT PROJECT,2/10/2010 0:00,12/31/2013 0:00,5/1/2010 0:00,54809537,PAR ; Project Appraisal Report, Ksh-   ," Ksh50,000,000.00 "," Ksh50,000,000.00 "
-1.8,37.61,Kenya,Power,Electricity,POWER TRANSMISSION IMPROVEMENT PROJECT,2/10/2010 0:00,12/31/2013 0:00,5/1/2010 0:00,54809537,PAR ; Project Appraisal Report, Ksh-   ," Ksh50,000,000.00 "," Ksh50,000,000.00 "
-1.84,36.79,Kenya,Power,Electricity,POWER TRANSMISSION IMPROVEMENT PROJECT,2/10/2010 0:00,12/31/2013 0:00,5/1/2010 0:00,54809537,PAR ; Project Appraisal Report, Ksh-   ," Ksh50,000,000.00 "," Ksh50,000,000.00 "
-0.79,35.35,Kenya,Power,Electricity,POWER TRANSMISSION IMPROVEMENT PROJECT,2/10/2010 0:00,12/31/2013 0:00,5/1/2010 0:00,54809537,PAR ; Project Appraisal Report, Ksh-   ," Ksh50,000,000.00 "," Ksh50,000,000.00 "
-1.36,38.01,Kenya,Power,Electricity,POWER TRANSMISSION IMPROVEMENT PROJECT,2/10/2010 0:00,12/31/2013 0:00,5/1/2010 0:00,54809537,PAR ; Project Appraisal Report, Ksh-   ," Ksh50,000,000.00 "," Ksh50,000,000.00 "
-0.69609,37.68612,Kenya,Power,Electricity,POWER TRANSMISSION IMPROVEMENT PROJECT,2/10/2010 0:00,12/31/2013 0:00,5/1/2010 0:00,54809537,PAR ; Project Appraisal Report, Ksh-   ," Ksh50,000,000.00 "," Ksh50,000,000.00 "
-1.24076,35.7356,Kenya,Power,Electricity,POWER TRANSMISSION IMPROVEMENT PROJECT,2/10/2010 0:00,12/31/2013 0:00,5/1/2010 0:00,54809537,PAR ; Project Appraisal Report, Ksh-   ," Ksh50,000,000.00 "," Ksh50,000,000.00 "
0.18476,35.33839,Kenya,Power,Electricity,POWER TRANSMISSION IMPROVEMENT PROJECT,2/10/2010 0:00,12/31/2013 0:00,5/1/2010 0:00,54809537,PAR ; Project Appraisal Report, Ksh-   ," Ksh50,000,000.00 "," Ksh50,000,000.00 "
0.79184,35.94279,Kenya,Power,Electricity,POWER TRANSMISSION IMPROVEMENT PROJECT,2/10/2010 0:00,12/31/2013 0:00,5/1/2010 0:00,54809537,PAR ; Project Appraisal Report, Ksh-   ," Ksh50,000,000.00 "," Ksh50,000,000.00 "
-0.56011,35.27496,Kenya,Power,Electricity,POWER TRANSMISSION IMPROVEMENT PROJECT,2/10/2010 0:00,12/31/2013 0:00,5/1/2010 0:00,54809537,PAR ; Project Appraisal Report, Ksh-   ," Ksh50,000,000.00 "," Ksh50,000,000.00 "
0.4166667,36.75,Kenya,Power,Electricity,POWER TRANSMISSION IMPROVEMENT PROJECT,2/10/2010 0:00,12/31/2013 0:00,5/1/2010 0:00,54809537,Project Appraisal Report ; PAR, Ksh-   ," Ksh50,000,000.00 "," Ksh50,000,000.00 "
0.09552,35.50352,Kenya,Transport,Road Transport / Highways,REHABILITATION OF TIMBOROA  ELDORET ROAD,4/28/2010 0:00,12/31/2016 0:00,8/20/2010 0:00,38920000,Project Portfolio, Ksh-   ," Ksh35,000,000.00 "," Ksh35,000,000.00 "
0.21539,35.43163,Kenya,Transport,Road Transport / Highways,REHABILITATION OF TIMBOROA  ELDORET ROAD,4/28/2010 0:00,12/31/2016 0:00,8/20/2010 0:00,38920000,Project Portfolio, Ksh-   ," Ksh35,000,000.00 "," Ksh35,000,000.00 "
0.33626,35.3634,Kenya,Transport,Road Transport / Highways,REHABILITATION OF TIMBOROA  ELDORET ROAD,4/28/2010 0:00,12/31/2016 0:00,8/20/2010 0:00,38920000,Project Portfolio, Ksh-   ," Ksh35,000,000.00 "," Ksh35,000,000.00 "
0.5166667,35.2833333,Kenya,Transport,Road Transport / Highways,REHABILITATION OF TIMBOROA  ELDORET ROAD,4/28/2010 0:00,12/31/2016 0:00,8/20/2010 0:00,38920000,PAR ; Project Portfolio, Ksh-   ," Ksh35,000,000.00 "," Ksh35,000,000.00 "
0.5,35.333333,Kenya,Transport,Road Transport / Highways,REHABILITATION OF TIMBOROA  ELDORET ROAD,4/28/2010 0:00,12/31/2016 0:00,8/20/2010 0:00,38920000,PAR ; Project Portfolio, Ksh-   ," Ksh35,000,000.00 "," Ksh35,000,000.00 "
0.0855,35.53021,Kenya,Transport,Road Transport / Highways,REHABILITATION OF TIMBOROA  ELDORET ROAD,4/28/2010 0:00,12/31/2016 0:00,8/20/2010 0:00,38920000,PAR ; Project Portfolio, Ksh-   ," Ksh35,000,000.00 "," Ksh35,000,000.00 "
0.5,35.333333,Kenya,Agriculture,Agriculture,RESTORATION OF FARM INFRASTRUCTURE AND RURAL LIVELIHOODS,9/15/2008 0:00,12/31/2013 0:00,2/9/2009 0:00,16673000,Project Brief, Ksh-   ," Ksh15,000,000.00 "," Ksh15,000,000.00 "
0.116667,35.966667,Kenya,Agriculture,Agriculture,RESTORATION OF FARM INFRASTRUCTURE AND RURAL LIVELIHOODS,9/15/2008 0:00,12/31/2013 0:00,2/9/2009 0:00,16673000,Project Brief, Ksh-   ," Ksh15,000,000.00 "," Ksh15,000,000.00 "
-0.48402,36.17126,Kenya,Agriculture,Cash Crops,RESTORATION OF FARM INFRASTRUCTURE AND RURAL LIVELIHOODS,9/15/2008 0:00,12/31/2013 0:00,2/9/2009 0:00,16673000,Project Appraisal Report, Ksh-   ," Ksh15,000,000.00 "," Ksh15,000,000.00 "
0.5,35.333333,Kenya,Agriculture,Cash Crops,RESTORATION OF FARM INFRASTRUCTURE AND RURAL LIVELIHOODS,9/15/2008 0:00,12/31/2013 0:00,2/9/2009 0:00,16673000,PAR ; Project Appraisal Report, Ksh-   ," Ksh15,000,000.00 "," Ksh15,000,000.00 "
-0.566667,37.05,Kenya,Water Sup/Sanit,Water supply and Sanitation,SMALL MED TOWNS WATER SUPPLY,1/1/2010 0:00,12/1/2013 0:00,6/15/2009 0:00,77924694,Project Brief, Ksh-   ," Ksh70,000,000.00 "," Ksh70,000,000.00 "
-0.566667,36.95,Kenya,Water Sup/Sanit,Water supply and Sanitation,SMALL MED TOWNS WATER SUPPLY,1/1/2010 0:00,12/1/2013 0:00,6/15/2009 0:00,77924694,Project Brief, Ksh-   ," Ksh70,000,000.00 "," Ksh70,000,000.00 "
0.233333,37.933333,Kenya,Water Sup/Sanit,Water supply and Sanitation,SMALL MED TOWNS WATER SUPPLY,1/1/2010 0:00,12/1/2013 0:00,6/15/2009 0:00,77924694,Project Brief, Ksh-   ," Ksh70,000,000.00 "," Ksh70,000,000.00 "
-1.366667,38.016667,Kenya,Water Sup/Sanit,Water supply and Sanitation,SMALL MED TOWNS WATER SUPPLY,1/1/2010 0:00,12/1/2013 0:00,6/15/2009 0:00,77924694,Project Brief, Ksh-   ," Ksh70,000,000.00 "," Ksh70,000,000.00 "
0.238611,34.269444,Kenya,Water Sup/Sanit,Water supply and Sanitation,SMALL MED TOWNS WATER SUPPLY,1/1/2010 0:00,12/1/2013 0:00,6/15/2009 0:00,77924694,Project Brief, Ksh-   ," Ksh70,000,000.00 "," Ksh70,000,000.00 "
0.06,34.286111,Kenya,Water Sup/Sanit,Water supply and Sanitation,SMALL MED TOWNS WATER SUPPLY,1/1/2010 0:00,12/1/2013 0:00,6/15/2009 0:00,77924694,Project Brief, Ksh-   ," Ksh70,000,000.00 "," Ksh70,000,000.00 "
-1.666667,37.833333,Kenya,Water Sup/Sanit,Water supply and Sanitation,SMALL MED TOWNS WATER SUPPLY,1/1/2010 0:00,12/1/2013 0:00,6/15/2009 0:00,77924694,Project Brief, Ksh-   ," Ksh70,000,000.00 "," Ksh70,000,000.00 "
-0.56092,37.04759,Kenya,Water Sup/Sanit,Water supply and Sanitation,SMALL MED TOWNS WATER SUPPLY,1/1/2010 0:00,12/31/2014 0:00,6/15/2009 0:00,77924694,Environmental Assesment, Ksh-   ," Ksh70,000,000.00 "," Ksh70,000,000.00 "
-1.14598,37.54746,Kenya,Water Sup/Sanit,Water supply and Sanitation,SMALL MED TOWNS WATER SUPPLY,1/1/2010 0:00,12/31/2014 0:00,6/15/2009 0:00,77924694,Environmental Assesment, Ksh-   ," Ksh70,000,000.00 "," Ksh70,000,000.00 "
-1.18402,37.44613,Kenya,Water Sup/Sanit,Water supply and Sanitation,SMALL MED TOWNS WATER SUPPLY,1/1/2010 0:00,12/31/2014 0:00,6/15/2009 0:00,77924694,Overview ; Environmental Assesment, Ksh-   ," Ksh70,000,000.00 "," Ksh70,000,000.00 "
-1.29,36.82,Kenya,Water Sup/Sanit,Sanitation,NAIROBI RIVER REHABILITAION: SEWERAGE IMPROVEMENT PROJECT,1/1/2009 0:00,12/31/2014 0:00,7/2/2010 0:00,39870000,Project Appraisal Report, Ksh-   ," Ksh35,000,000.00 "," Ksh35,000,000.00 "
-1.2833333,36.8166667,Kenya,Water Sup/Sanit,Sanitation,NAIROBI RIVER REHABILITAION: SEWERAGE IMPROVEMENT PROJECT,1/1/2009 0:00,12/31/2014 0:00,7/2/2010 0:00,39870000,PAR ; Project Appraisal Report, Ksh-   ," Ksh35,000,000.00 "," Ksh35,000,000.00 "
-1.25,36.8833333,Kenya,Water Sup/Sanit,Sanitation,NAIROBI RIVER REHABILITAION: SEWERAGE IMPROVEMENT PROJECT,1/1/2009 0:00,12/31/2014 0:00,7/2/2010 0:00,39870000,PAR ; Project Appraisal Report, Ksh-   ," Ksh35,000,000.00 "," Ksh35,000,000.00 "
-1.257431,36.903571,Kenya,Water Sup/Sanit,Sanitation,NAIROBI RIVER REHABILITAION: SEWERAGE IMPROVEMENT PROJECT,1/1/2009 0:00,12/31/2014 0:00,7/2/2010 0:00,39870000,PAR ; Project Appraisal Report, Ksh-   ," Ksh35,000,000.00 "," Ksh35,000,000.00 "
-3.082,29.9136,Burundi,Transport,Road Transport / Highways,PROJET GITEGA-NGOZI,1/1/2010 0:00,12/31/2014 0:00,6/30/2010 0:00,24255000,SUMMARY OF THE ENVIRONMENTAL AND SOCIAL MANAGEMENT PLAN, Ksh-   , Ksh-   , Ksh-   
-3.7261,29.5125,Burundi,Transport,Road Transport / Highways,PROJET GITEGA-NGOZI,1/1/2010 0:00,12/31/2014 0:00,6/30/2010 0:00,24255000,SUMMARY OF THE ENVIRONMENTAL AND SOCIAL MANAGEMENT PLAN, Ksh-   , Ksh-   , Ksh-   
-3.0517,29.8868,Burundi,Transport,Road Transport / Highways,PROJET GITEGA-NGOZI,1/1/2010 0:00,12/31/2014 0:00,6/30/2010 0:00,24255000,SUMMARY OF THE ENVIRONMENTAL AND SOCIAL MANAGEMENT PLAN, Ksh-   , Ksh-   , Ksh-   
-2.9772222,29.8961111,Burundi,Transport,Road Transport / Highways,PROJET GITEGA-NGOZI,1/1/2010 0:00,12/31/2014 0:00,6/30/2010 0:00,24255000,SUMMARY OF THE ENVIRONMENTAL AND SOCIAL MANAGEMENT PLAN, Ksh-   , Ksh-   , Ksh-   
-2.9861,29.6031,Burundi,Transport,Road Transport / Highways,PROJET GITEGA-NGOZI,1/1/2010 0:00,12/31/2014 0:00,6/30/2010 0:00,24255000,SUMMARY OF THE ENVIRONMENTAL AND SOCIAL MANAGEMENT PLAN, Ksh-   , Ksh-   , Ksh-   
-2.9816667,30.1713889,Burundi,Transport,Road Transport / Highways,PROJET GITEGA-NGOZI,1/1/2010 0:00,12/31/2014 0:00,6/30/2010 0:00,24255000,SUMMARY OF THE ENVIRONMENTAL AND SOCIAL MANAGEMENT PLAN, Ksh-   , Ksh-   , Ksh-   
-3.1075,29.9004,Burundi,Transport,Road Transport / Highways,PROJET GITEGA-NGOZI,1/1/2010 0:00,12/31/2014 0:00,6/30/2010 0:00,24255000,Project Appraisal Report ; Appraisal Report, Ksh-   , Ksh-   , Ksh-   
-2.9083333,29.8277778,Burundi,Transport,Road Transport / Highways,PROJET GITEGA-NGOZI,1/1/2010 0:00,12/31/2014 0:00,6/30/2010 0:00,24255000,Project Appraisal Report ; Appraisal Report, Ksh-   , Ksh-   , Ksh-   
-3.00896,29.93898,Burundi,Transport,Road Transport / Highways,PROJET GITEGA-NGOZI,1/1/2010 0:00,12/31/2014 0:00,6/30/2010 0:00,24255000,Project Appraisal Report ; Appraisal Report, Ksh-   , Ksh-   , Ksh-   
-2.94806,29.83045,Burundi,Transport,Road Transport / Highways,PROJET GITEGA-NGOZI,1/1/2010 0:00,12/31/2014 0:00,6/30/2010 0:00,24255000,Project Appraisal Report ; Appraisal Report, Ksh-   , Ksh-   , Ksh-   
-3.14405,29.87012,Burundi,Transport,Road Transport / Highways,PROJET GITEGA-NGOZI,1/1/2010 0:00,12/31/2014 0:00,6/30/2010 0:00,24255000,Project Appraisal Report ; Appraisal Report, Ksh-   , Ksh-   , Ksh-   
-3.4264,29.9308,Burundi,Transport,Road Transport / Highways,PROJET GITEGA-NGOZI,1/1/2010 0:00,12/31/2014 0:00,6/30/2010 0:00,24255000,Project Appraisal Report, Ksh-   , Ksh-   , Ksh-   
-3.43813,29.95481,Burundi,Transport,Road Transport / Highways,PROJET GITEGA-NGOZI,1/1/2010 0:00,12/31/2014 0:00,6/30/2010 0:00,24255000,Project Appraisal Report, Ksh-   , Ksh-   , Ksh-   
-3.2458,29.9024,Burundi,Transport,Road Transport / Highways,PROJET GITEGA-NGOZI,1/1/2010 0:00,12/31/2014 0:00,6/30/2010 0:00,24255000,Project Appraisal Report, Ksh-   , Ksh-   , Ksh-   
-3.36325,29.85733,Burundi,Transport,Road Transport / Highways,PROJET GITEGA-NGOZI,1/1/2010 0:00,12/31/2014 0:00,6/30/2010 0:00,24255000,Project Appraisal Report, Ksh-   , Ksh-   , Ksh-   
-3.24335,29.89843,Burundi,Transport,Road Transport / Highways,PROJET GITEGA-NGOZI,1/1/2010 0:00,12/31/2014 0:00,6/30/2010 0:00,24255000,Project Appraisal Report, Ksh-   , Ksh-   , Ksh-   
-3.5,29.95,Burundi,Social,Poverty Allevation And Micro-Finance,PROJET D'APPUI AU PROGRAMME DE CREATION D'EMPLOIS,,12/31/2013 0:00,3/25/2009 0:00,51010000,Appraisal Report ; Project Appraisal Report, Ksh-   ," Ksh10,000,000.00 "," Ksh10,000,000.00 "
-2.875,29.925,Burundi,Social,Poverty Allevation And Micro-Finance,PROJET D'APPUI AU PROGRAMME DE CREATION D'EMPLOIS,,12/31/2013 0:00,3/25/2009 0:00,51010000,Appraisal Report ; Project Appraisal Report, Ksh-   ," Ksh10,000,000.00 "," Ksh10,000,000.00 "
-3.0666667,29.6666667,Burundi,Social,Poverty Allevation And Micro-Finance,PROJET D'APPUI AU PROGRAMME DE CREATION D'EMPLOIS,,12/31/2013 0:00,3/25/2009 0:00,51010000,Appraisal Report ; Project Appraisal Report, Ksh-   ," Ksh10,000,000.00 "," Ksh10,000,000.00 "
-1.94995,30.05885,Rwanda,Finance,Commercial Banking,BANQUE DE KIGALI ( SUB-DEBT),1/27/2011,5/5/2021,5/29/2011,8000000,PAR ; Project Appraisal Report," Ksh8,000,000.00 ", Ksh-   ," Ksh8,000,000.00 "
-2.6458,29.0131,Rwanda,Ind/Mini/Quar,Manufacturing,CIMERWA EXPANSION PROJECT,7/17/2008,9/30/2010,3/15/2009,30000000,SUMMARY OF ENVIRONMENTAL AND SOCIAL IMPACT ASSESSMENT," Ksh18,353,100.00 ", Ksh-   ," Ksh18,353,100.00 "
-1.583333,29.916667,Rwanda,Water Sup/Sanit,Water supply and Sanitation,DEUXIEME SOUS-PROGRAMME D'AEPA EN MILIEU RURAL,8/1/2009,12/31/2013,3/1/2009,20265000,Project Brief, Ksh-   ," Ksh10,000,000.00 "," Ksh10,000,000.00 "
-2.166667,29.333333,Rwanda,Water Sup/Sanit,Water supply and Sanitation,DEUXIEME SOUS-PROGRAMME D'AEPA EN MILIEU RURAL,8/1/2009,12/31/2013,3/1/2009,20265000,Project Brief, Ksh-   ," Ksh10,000,000.00 "," Ksh10,000,000.00 "
-2.33333,29.66667,Rwanda,Water Sup/Sanit,Water supply and Sanitation,DEUXIEME SOUS-PROGRAMME D'AEPA EN MILIEU RURAL,8/1/2009,12/31/2013,3/1/2009,20265000,Project Brief, Ksh-   ," Ksh10,000,000.00 "," Ksh10,000,000.00 "
-1.61647,30.12104,Rwanda,Water Sup/Sanit,Water supply and Sanitation,DEUXIEME SOUS-PROGRAMME D'AEPA EN MILIEU RURAL,8/1/2009,12/31/2013,3/1/2009,20265000,PAR ; Appraisal Report, Ksh-   ," Ksh10,000,000.00 "," Ksh10,000,000.00 "
-1.73828,29.99794,Rwanda,Water Sup/Sanit,Water supply and Sanitation,DEUXIEME SOUS-PROGRAMME D'AEPA EN MILIEU RURAL,8/1/2009,12/31/2013,3/1/2009,20265000,PAR ; Appraisal Report, Ksh-   ," Ksh10,000,000.00 "," Ksh10,000,000.00 "
-1.47394,29.83468,Rwanda,Water Sup/Sanit,Water supply and Sanitation,DEUXIEME SOUS-PROGRAMME D'AEPA EN MILIEU RURAL,8/1/2009,12/31/2013,3/1/2009,20265000,PAR ; Appraisal Report, Ksh-   ," Ksh10,000,000.00 "," Ksh10,000,000.00 "
-1.50763,29.60662,Rwanda,Water Sup/Sanit,Water supply and Sanitation,DEUXIEME SOUS-PROGRAMME D'AEPA EN MILIEU RURAL,8/1/2009,12/31/2013,3/1/2009,20265000,PAR ; Appraisal Report, Ksh-   ," Ksh10,000,000.00 "," Ksh10,000,000.00 "
-1.6981,29.78544,Rwanda,Water Sup/Sanit,Water supply and Sanitation,DEUXIEME SOUS-PROGRAMME D'AEPA EN MILIEU RURAL,8/1/2009,12/31/2013,3/1/2009,20265000,PAR ; Appraisal Report, Ksh-   ," Ksh10,000,000.00 "," Ksh10,000,000.00 "
-1.65275,29.50684,Rwanda,Water Sup/Sanit,Water supply and Sanitation,DEUXIEME SOUS-PROGRAMME D'AEPA EN MILIEU RURAL,8/1/2009,12/31/2013,3/1/2009,20265000,PAR ; Appraisal Report, Ksh-   ," Ksh10,000,000.00 "," Ksh10,000,000.00 "
-1.87822,29.56904,Rwanda,Water Sup/Sanit,Water supply and Sanitation,DEUXIEME SOUS-PROGRAMME D'AEPA EN MILIEU RURAL,8/1/2009,12/31/2013,3/1/2009,20265000,PAR ; Appraisal Report, Ksh-   ," Ksh10,000,000.00 "," Ksh10,000,000.00 "
-1.68126,29.32932,Rwanda,Water Sup/Sanit,Water supply and Sanitation,DEUXIEME SOUS-PROGRAMME D'AEPA EN MILIEU RURAL,8/1/2009,12/31/2013,3/1/2009,20265000,PAR ; Appraisal Report, Ksh-   ," Ksh10,000,000.00 "," Ksh10,000,000.00 "
-1.9145,29.31507,Rwanda,Water Sup/Sanit,Water supply and Sanitation,DEUXIEME SOUS-PROGRAMME D'AEPA EN MILIEU RURAL,8/1/2009,12/31/2013,3/1/2009,20265000,PAR ; Appraisal Report, Ksh-   ," Ksh10,000,000.00 "," Ksh10,000,000.00 "
-2.1296,29.36172,Rwanda,Water Sup/Sanit,Water supply and Sanitation,DEUXIEME SOUS-PROGRAMME D'AEPA EN MILIEU RURAL,8/1/2009,12/31/2013,3/1/2009,20265000,PAR ; Appraisal Report, Ksh-   ," Ksh10,000,000.00 "," Ksh10,000,000.00 "
-2.36154,29.14791,Rwanda,Water Sup/Sanit,Water supply and Sanitation,DEUXIEME SOUS-PROGRAMME D'AEPA EN MILIEU RURAL,8/1/2009,12/31/2013,3/1/2009,20265000,PAR ; Appraisal Report, Ksh-   ," Ksh10,000,000.00 "," Ksh10,000,000.00 "
-2.57016,29.07535,Rwanda,Water Sup/Sanit,Water supply and Sanitation,DEUXIEME SOUS-PROGRAMME D'AEPA EN MILIEU RURAL,8/1/2009,12/31/2013,3/1/2009,20265000,PAR ; Appraisal Report, Ksh-   ," Ksh10,000,000.00 "," Ksh10,000,000.00 "
-1.93912,29.71805,Rwanda,Water Sup/Sanit,Water supply and Sanitation,DEUXIEME SOUS-PROGRAMME D'AEPA EN MILIEU RURAL,8/1/2009,12/31/2013,3/1/2009,20265000,PAR ; Appraisal Report, Ksh-   ," Ksh10,000,000.00 "," Ksh10,000,000.00 "
-2.19957,29.76989,Rwanda,Water Sup/Sanit,Water supply and Sanitation,DEUXIEME SOUS-PROGRAMME D'AEPA EN MILIEU RURAL,8/1/2009,12/31/2013,3/1/2009,20265000,PAR ; Appraisal Report, Ksh-   ," Ksh10,000,000.00 "," Ksh10,000,000.00 "
-2.33692,29.7945,Rwanda,Water Sup/Sanit,Water supply and Sanitation,DEUXIEME SOUS-PROGRAMME D'AEPA EN MILIEU RURAL,8/1/2009,12/31/2013,3/1/2009,20265000,PAR ; Appraisal Report, Ksh-   ," Ksh10,000,000.00 "," Ksh10,000,000.00 "
-1.94995,30.05885,Rwanda,Finance,Development Banking,"BANQUE RWANDAISED DE DEVELOPPEMENT , LINE OF CREDIT 2010",2/1/2010,2/28/2022,,8000000,PAR ; Project Appraisal Report," Ksh5,390,000.00 ", Ksh-   ," Ksh5,390,000.00 "
-2.447222,29.063611,Rwanda,Transport,Road Transport / Highways,PROJET DE ROUTE BUTARE-KITABI-NTENDEZI,12/20/2006,12/31/2013,1/5/2009,46740000,Project Brief, Ksh-   ," Ksh16,000,000.00 "," Ksh16,000,000.00 "
-2.532232,29.428511,Rwanda,Transport,Road Transport / Highways,PROJET DE ROUTE BUTARE-KITABI-NTENDEZI,12/20/2006,12/31/2013,1/5/2009,46740000,Project Brief, Ksh-   ," Ksh16,000,000.00 "," Ksh16,000,000.00 "
-2.6038,29.7431,Rwanda,Transport,Road Transport / Highways,PROJET DE ROUTE BUTARE-KITABI-NTENDEZI,12/20/2006,12/31/2013,1/5/2009,46740000,Project Brief, Ksh-   ," Ksh16,000,000.00 "," Ksh16,000,000.00 "
-2.166667,29.333333,Rwanda,Transport,Road Transport / Highways,PROJET DE ROUTE BUTARE-KITABI-NTENDEZI,12/20/2006,12/31/2013,1/5/2009,46740000,Project Brief, Ksh-   ," Ksh16,000,000.00 "," Ksh16,000,000.00 "
-2.33333,29.66667,Rwanda,Transport,Road Transport / Highways,PROJET DE ROUTE BUTARE-KITABI-NTENDEZI,12/20/2006,12/31/2013,1/5/2009,46740000,Project Brief, Ksh-   ," Ksh16,000,000.00 "," Ksh16,000,000.00 "
-1.94995,30.05885,Rwanda,Social,Higher Education,REGIONAL INFORMATION COMMUNICATION TECHNOLOGY (ICT) CENTRE OF EXCELLENCE PROJECT,6/15/2010,12/31/2014,6/15/2010,8600000,PAR ; Project Appraisal Report, Ksh-   ," Ksh8,600,000.00 "," Ksh8,600,000.00 "
-7.56399,34.88159,Tanzania,Power,Electricity,IRINGA -SHINYANGA TX PROJECT,10/4/2009 0:00,12/31/2013 0:00,3/1/2010 0:00,373200000,N/A, Ksh-   ," Ksh45,360,000.00 "," Ksh45,360,000.00 "
-7.77,35.69,Tanzania,Power,Electricity,IRINGA -SHINYANGA TX PROJECT,10/4/2009 0:00,12/31/2013 0:00,3/1/2010 0:00,373200000,N/A, Ksh-   ," Ksh45,360,000.00 "," Ksh45,360,000.00 "
-6.58958,35.70007,Tanzania,Power,Electricity,IRINGA -SHINYANGA TX PROJECT,10/4/2009 0:00,12/31/2013 0:00,3/1/2010 0:00,373200000,N/A, Ksh-   ," Ksh45,360,000.00 "," Ksh45,360,000.00 "
-6.15973,35.798,Tanzania,Power,Electricity,IRINGA -SHINYANGA TX PROJECT,10/4/2009 0:00,12/31/2013 0:00,3/1/2010 0:00,373200000,N/A, Ksh-   ," Ksh45,360,000.00 "," Ksh45,360,000.00 "
-6.3333333,34.5833333,Tanzania,Power,Electricity,IRINGA -SHINYANGA TX PROJECT,10/4/2009 0:00,12/31/2013 0:00,3/1/2010 0:00,373200000,N/A, Ksh-   ," Ksh45,360,000.00 "," Ksh45,360,000.00 "
-5,35.75,Tanzania,Power,Electricity,IRINGA -SHINYANGA TX PROJECT,10/4/2009 0:00,12/31/2013 0:00,3/1/2010 0:00,373200000,N/A, Ksh-   ," Ksh45,360,000.00 "," Ksh45,360,000.00 "
-5.27421,34.59045,Tanzania,Power,Electricity,IRINGA -SHINYANGA TX PROJECT,10/4/2009 0:00,12/31/2013 0:00,3/1/2010 0:00,373200000,N/A, Ksh-   ," Ksh45,360,000.00 "," Ksh45,360,000.00 "
-4.84,34.71,Tanzania,Power,Electricity,IRINGA -SHINYANGA TX PROJECT,10/4/2009 0:00,12/31/2013 0:00,3/1/2010 0:00,373200000,N/A, Ksh-   ," Ksh45,360,000.00 "," Ksh45,360,000.00 "
-4.3333333,34.5,Tanzania,Power,Electricity,IRINGA -SHINYANGA TX PROJECT,10/4/2009 0:00,12/31/2013 0:00,3/1/2010 0:00,373200000,N/A, Ksh-   ," Ksh45,360,000.00 "," Ksh45,360,000.00 "
-4.3333333,33.75,Tanzania,Power,Electricity,IRINGA -SHINYANGA TX PROJECT,10/4/2009 0:00,12/31/2013 0:00,3/1/2010 0:00,373200000,N/A, Ksh-   ," Ksh45,360,000.00 "," Ksh45,360,000.00 "
-3.61666,33.86666,Tanzania,Power,Electricity,IRINGA -SHINYANGA TX PROJECT,10/4/2009 0:00,12/31/2013 0:00,3/1/2010 0:00,373200000,N/A, Ksh-   ," Ksh45,360,000.00 "," Ksh45,360,000.00 "
-3.66667,33.5,Tanzania,Power,Electricity,IRINGA -SHINYANGA TX PROJECT,10/4/2009 0:00,12/31/2013 0:00,3/1/2010 0:00,373200000,N/A, Ksh-   ," Ksh45,360,000.00 "," Ksh45,360,000.00 "
-4.8166667,34.75,Tanzania,Power,Electricity,IRINGA -SHINYANGA TX PROJECT,10/4/2009 0:00,12/31/2013 0:00,3/1/2010 0:00,373200000,N/A ; Project Appraisal Report, Ksh-   ," Ksh45,360,000.00 "," Ksh45,360,000.00 "
-3.6666667,33.4333333,Tanzania,Power,Electricity,IRINGA -SHINYANGA TX PROJECT,10/4/2009 0:00,12/31/2013 0:00,3/1/2010 0:00,373200000,N/A ; Project Appraisal Report, Ksh-   ," Ksh45,360,000.00 "," Ksh45,360,000.00 "
-7.7666667,35.7,Tanzania,Power,Electricity,IRINGA -SHINYANGA TX PROJECT,10/4/2009 0:00,12/31/2013 0:00,3/1/2010 0:00,373200000,N/A ; Project Appraisal Report, Ksh-   ," Ksh45,360,000.00 "," Ksh45,360,000.00 "
-6.174859645,35.73792458,Tanzania,Power,Electricity,IRINGA -SHINYANGA TX PROJECT,10/4/2009 0:00,12/31/2013 0:00,3/1/2010 0:00,373200000,N/A ; Project Appraisal Report, Ksh-   ," Ksh45,360,000.00 "," Ksh45,360,000.00 "
-7.56399,34.88159,Tanzania,Power,Power,IRINGA-SHINYANGA TRANSM. LINE,10/15/2010 0:00,12/15/2013 0:00,3/15/2010 0:00,587000000,N/A, Ksh-   , Ksh-   , Ksh-   
-7.77,35.69,Tanzania,Power,Power,IRINGA-SHINYANGA TRANSM. LINE,10/15/2010 0:00,12/15/2013 0:00,3/15/2010 0:00,587000000,N/A, Ksh-   , Ksh-   , Ksh-   
-6.58958,35.70007,Tanzania,Power,Power,IRINGA-SHINYANGA TRANSM. LINE,10/15/2010 0:00,12/15/2013 0:00,3/15/2010 0:00,587000000,N/A, Ksh-   , Ksh-   , Ksh-   
-6.15973,35.798,Tanzania,Power,Power,IRINGA-SHINYANGA TRANSM. LINE,10/15/2010 0:00,12/15/2013 0:00,3/15/2010 0:00,587000000,N/A, Ksh-   , Ksh-   , Ksh-   
-6.3333333,34.5833333,Tanzania,Power,Power,IRINGA-SHINYANGA TRANSM. LINE,10/15/2010 0:00,12/15/2013 0:00,3/15/2010 0:00,587000000,N/A, Ksh-   , Ksh-   , Ksh-   
-5,35.75,Tanzania,Power,Power,IRINGA-SHINYANGA TRANSM. LINE,10/15/2010 0:00,12/15/2013 0:00,3/15/2010 0:00,587000000,N/A, Ksh-   , Ksh-   , Ksh-   
-5.27421,34.59045,Tanzania,Power,Power,IRINGA-SHINYANGA TRANSM. LINE,10/15/2010 0:00,12/15/2013 0:00,3/15/2010 0:00,587000000,N/A, Ksh-   , Ksh-   , Ksh-   
-4.84,34.71,Tanzania,Power,Power,IRINGA-SHINYANGA TRANSM. LINE,10/15/2010 0:00,12/15/2013 0:00,3/15/2010 0:00,587000000,N/A, Ksh-   , Ksh-   , Ksh-   
-4.3333333,34.5,Tanzania,Power,Power,IRINGA-SHINYANGA TRANSM. LINE,10/15/2010 0:00,12/15/2013 0:00,3/15/2010 0:00,587000000,N/A, Ksh-   , Ksh-   , Ksh-   
-4.3333333,33.75,Tanzania,Power,Power,IRINGA-SHINYANGA TRANSM. LINE,10/15/2010 0:00,12/15/2013 0:00,3/15/2010 0:00,587000000,N/A, Ksh-   , Ksh-   , Ksh-   
-3.61666,33.86666,Tanzania,Power,Power,IRINGA-SHINYANGA TRANSM. LINE,10/15/2010 0:00,12/15/2013 0:00,3/15/2010 0:00,587000000,N/A, Ksh-   , Ksh-   , Ksh-   
-3.66667,33.5,Tanzania,Power,Power,IRINGA-SHINYANGA TRANSM. LINE,10/15/2010 0:00,12/15/2013 0:00,3/15/2010 0:00,587000000,N/A, Ksh-   , Ksh-   , Ksh-   
-4.8166667,34.75,Tanzania,Power,Power,IRINGA-SHINYANGA TRANSM. LINE,10/15/2010 0:00,12/15/2013 0:00,3/15/2010 0:00,587000000,N/A ; Project Appraisal Report, Ksh-   , Ksh-   , Ksh-   
-3.6666667,33.4333333,Tanzania,Power,Power,IRINGA-SHINYANGA TRANSM. LINE,10/15/2010 0:00,12/15/2013 0:00,3/15/2010 0:00,587000000,N/A ; Project Appraisal Report, Ksh-   , Ksh-   , Ksh-   
-7.7666667,35.7,Tanzania,Power,Power,IRINGA-SHINYANGA TRANSM. LINE,10/15/2010 0:00,12/15/2013 0:00,3/15/2010 0:00,587000000,N/A ; Project Appraisal Report, Ksh-   , Ksh-   , Ksh-   
-6.174859645,35.73792458,Tanzania,Power,Power,IRINGA-SHINYANGA TRANSM. LINE,10/15/2010 0:00,12/15/2013 0:00,3/15/2010 0:00,587000000,N/A ; Project Appraisal Report, Ksh-   , Ksh-   , Ksh-   
-5.9166667,39.3333333,Tanzania,Multi-Sector,Institutional Support,ISP FOR GOOD GOVERNANCE II,2/8/2010 0:00,2/9/2012 0:00,9/9/2010 0:00,5460000,Project Appraisal Report, Ksh-   ," Ksh5,200,000.00 "," Ksh5,200,000.00 "
-6.25,39.4666667,Tanzania,Multi-Sector,Institutional Support,ISP FOR GOOD GOVERNANCE II,2/8/2010 0:00,2/9/2012 0:00,9/9/2010 0:00,5460000,Project Appraisal Report, Ksh-   ," Ksh5,200,000.00 "," Ksh5,200,000.00 "
-6.1666667,39.25,Tanzania,Multi-Sector,Institutional Support,ISP FOR GOOD GOVERNANCE II,2/8/2010 0:00,2/9/2012 0:00,9/9/2010 0:00,5460000,Project Appraisal Report, Ksh-   ," Ksh5,200,000.00 "," Ksh5,200,000.00 "
-5.3333333,39.75,Tanzania,Multi-Sector,Institutional Support,ISP FOR GOOD GOVERNANCE II,2/8/2010 0:00,2/9/2012 0:00,9/9/2010 0:00,5460000,Project Appraisal Report, Ksh-   ," Ksh5,200,000.00 "," Ksh5,200,000.00 "
-5.0833333,39.8,Tanzania,Multi-Sector,Institutional Support,ISP FOR GOOD GOVERNANCE II,2/8/2010 0:00,2/9/2012 0:00,9/9/2010 0:00,5460000,Project Appraisal Report, Ksh-   ," Ksh5,200,000.00 "," Ksh5,200,000.00 "
-6,35,Tanzania,Multi-Sector,Institutional Support,ISP FOR GOOD GOVERNANCE II,2/8/2010 0:00,2/9/2012 0:00,9/9/2010 0:00,5460000,PAR ; Project Appraisal Report, Ksh-   ," Ksh5,200,000.00 "," Ksh5,200,000.00 "
-7.766667,35.7,Tanzania,Transport,Road Transport / Highways,ROAD PROGRAMME,1/1/2008 0:00,12/31/2013 0:00,2/1/2009 0:00,230610000,Project Brief, Ksh-   ," Ksh152,000,000.00 "," Ksh152,000,000.00 "
-6.17486,35.737925,Tanzania,Transport,Road Transport / Highways,ROAD PROGRAMME,1/1/2008 0:00,12/31/2013 0:00,2/1/2009 0:00,230610000,Project Brief, Ksh-   ," Ksh152,000,000.00 "," Ksh152,000,000.00 "
-11.066667,37.35,Tanzania,Transport,Road Transport / Highways,ROAD PROGRAMME,1/1/2008 0:00,12/31/2013 0:00,2/1/2009 0:00,230610000,Project Brief, Ksh-   ," Ksh152,000,000.00 "," Ksh152,000,000.00 "
-7.77,35.69,Tanzania,Transport,Road Transport / Highways,ROAD PROGRAMME,1/1/2008 0:00,12/31/2013 0:00,2/1/2009 0:00,230610000,PAR, Ksh-   ," Ksh152,000,000.00 "," Ksh152,000,000.00 "
-7.56399,34.88159,Tanzania,Transport,Road Transport / Highways,ROAD PROGRAMME,1/1/2008 0:00,12/31/2013 0:00,2/1/2009 0:00,230610000,PAR, Ksh-   ," Ksh152,000,000.00 "," Ksh152,000,000.00 "
-6.58958,35.70007,Tanzania,Transport,Road Transport / Highways,ROAD PROGRAMME,1/1/2008 0:00,12/31/2013 0:00,2/1/2009 0:00,230610000,PAR, Ksh-   ," Ksh152,000,000.00 "," Ksh152,000,000.00 "
-6.15973,35.798,Tanzania,Transport,Road Transport / Highways,ROAD PROGRAMME,1/1/2008 0:00,12/31/2013 0:00,2/1/2009 0:00,230610000,PAR, Ksh-   ," Ksh152,000,000.00 "," Ksh152,000,000.00 "
-10.46642,36.13008,Tanzania,Transport,Road Transport / Highways,ROAD PROGRAMME,1/1/2008 0:00,12/31/2013 0:00,2/1/2009 0:00,230610000,PAR, Ksh-   ," Ksh152,000,000.00 "," Ksh152,000,000.00 "
-10.46642,36.13008,Tanzania,Transport,Road Transport / Highways,ROAD PROGRAMME,1/1/2008 0:00,12/31/2013 0:00,2/1/2009 0:00,230610000,PAR, Ksh-   ," Ksh152,000,000.00 "," Ksh152,000,000.00 "
-11,37.5,Tanzania,Transport,Road Transport / Highways,ROAD PROGRAMME,1/1/2008 0:00,12/31/2013 0:00,2/1/2009 0:00,230610000,PAR, Ksh-   ," Ksh152,000,000.00 "," Ksh152,000,000.00 "
-6,35,Tanzania,Transport,Road Transport / Highways,ROAD PROGRAMME,1/1/2008 0:00,12/31/2013 0:00,2/1/2009 0:00,230610000,PAR, Ksh-   ," Ksh152,000,000.00 "," Ksh152,000,000.00 "
-6,35,Tanzania,Water Sup/Sanit,Water Supply,RURAL WATER SUPPLY AND SANITATION PHASE,1/1/2011 0:00,12/31/2015 0:00,4/25/2010 0:00,200000000,Project Appraisal Report ; PAR, Ksh-   ," Ksh59,000,000.00 "," Ksh59,000,000.00 "
-6,35,Tanzania,Social,Poverty Allevation And Micro-Finance,SMALL ENTREPRENEURS LOAN FACILITY II (SELF II),6/4/2009 0:00,6/4/2015 0:00,12/5/2009 0:00,22000000,Project Brief, Ksh-   ," Ksh20,000,000.00 "," Ksh20,000,000.00 "
-6.75,35.833333,Tanzania,Transport,Road Transport / Highways,TANZANIA ROAD SECTOR SUPPORT PROJECT I,1/2/2008 0:00,12/31/2014 0:00,2/1/2009 0:00,230610000,Appraisal Report, Ksh-   ," Ksh152,000,000.00 "," Ksh152,000,000.00 "
-10.75,37,Tanzania,Transport,Road Transport / Highways,TANZANIA ROAD SECTOR SUPPORT PROJECT I,1/2/2008 0:00,12/31/2014 0:00,2/1/2009 0:00,230610000,Appraisal Report, Ksh-   ," Ksh152,000,000.00 "," Ksh152,000,000.00 "
-6.15973,35.798,Tanzania,Transport,Road Transport / Highways,TANZANIA ROAD SECTOR SUPPORT PROJECT I,1/2/2008 0:00,12/31/2014 0:00,2/1/2009 0:00,230610000,Appraisal Report, Ksh-   ," Ksh152,000,000.00 "," Ksh152,000,000.00 "
-6.666667,36.416667,Tanzania,Transport,Road Transport / Highways,TANZANIA ROAD SECTOR SUPPORT PROJECT I,1/2/2008 0:00,12/31/2014 0:00,2/1/2009 0:00,230610000,Appraisal Report, Ksh-   ," Ksh152,000,000.00 "," Ksh152,000,000.00 "
-7.56399,34.88159,Tanzania,Transport,Road Transport / Highways,TANZANIA ROAD SECTOR SUPPORT PROJECT I,1/2/2008 0:00,12/31/2014 0:00,2/1/2009 0:00,230610000,Appraisal Report, Ksh-   ," Ksh152,000,000.00 "," Ksh152,000,000.00 "
-11,37.5,Tanzania,Transport,Road Transport / Highways,TANZANIA ROAD SECTOR SUPPORT PROJECT I,1/2/2008 0:00,12/31/2014 0:00,2/1/2009 0:00,230610000,Appraisal Report, Ksh-   ," Ksh152,000,000.00 "," Ksh152,000,000.00 "
-6,36,Tanzania,Transport,Road Transport / Highways,TANZANIA ROAD SECTOR SUPPORT PROJECT I,1/2/2008 0:00,12/31/2014 0:00,2/1/2009 0:00,230610000,Project Brief, Ksh-   ," Ksh152,000,000.00 "," Ksh152,000,000.00 "
-7.766667,35.7,Tanzania,Transport,Road Transport / Highways,TANZANIA ROAD SECTOR SUPPORT PROJECT I,1/2/2008 0:00,12/31/2014 0:00,2/1/2009 0:00,230610000,Project Brief ; Appraisal Report, Ksh-   ," Ksh152,000,000.00 "," Ksh152,000,000.00 "
-6.17486,35.737925,Tanzania,Transport,Road Transport / Highways,TANZANIA ROAD SECTOR SUPPORT PROJECT I,1/2/2008 0:00,12/31/2014 0:00,2/1/2009 0:00,230610000,Project Brief ; Appraisal Report, Ksh-   ," Ksh152,000,000.00 "," Ksh152,000,000.00 "
-11.066667,37.35,Tanzania,Transport,Road Transport / Highways,TANZANIA ROAD SECTOR SUPPORT PROJECT I,1/2/2008 0:00,12/31/2014 0:00,2/1/2009 0:00,230610000,Project Brief ; Appraisal Report, Ksh-   ," Ksh152,000,000.00 "," Ksh152,000,000.00 "
-6.15973,35.798,Tanzania,Transport,Road Transport / Highways,TANZANIA ROAD SECTOR SUPPORT PROJECT I,1/2/2008 0:00,5/31/2016 0:00,2/1/2009 0:00,230610000,N/A, Ksh-   ," Ksh152,000,000.00 "," Ksh152,000,000.00 "
-7.77,35.69,Tanzania,Transport,Road Transport / Highways,TANZANIA ROAD SECTOR SUPPORT PROJECT I,1/2/2008 0:00,5/31/2016 0:00,2/1/2009 0:00,230610000,N/A, Ksh-   ," Ksh152,000,000.00 "," Ksh152,000,000.00 "
-10.46642,36.13008,Tanzania,Transport,Road Transport / Highways,TANZANIA ROAD SECTOR SUPPORT PROJECT I,1/2/2008 0:00,5/31/2016 0:00,2/1/2009 0:00,230610000,N/A, Ksh-   ," Ksh152,000,000.00 "," Ksh152,000,000.00 "
-10.46642,36.13008,Tanzania,Transport,Road Transport / Highways,TANZANIA ROAD SECTOR SUPPORT PROJECT I,1/2/2008 0:00,5/31/2016 0:00,2/1/2009 0:00,230610000,N/A, Ksh-   ," Ksh152,000,000.00 "," Ksh152,000,000.00 "
-6,35,Tanzania,Transport,Road Transport / Highways,TANZANIA ROAD SECTOR SUPPORT PROJECT I,1/2/2008 0:00,5/31/2016 0:00,2/1/2009 0:00,230610000,N/A, Ksh-   ," Ksh152,000,000.00 "," Ksh152,000,000.00 "
0.377222,32.919722,Uganda,Agriculture,More Than One Agricultural Sub-Sector,MARKETS AND AGRICULTURAL TRADE IMPROVEMENT PROJECT 1,7/1/2008 0:00,12/31/2015 0:00,1/12/2009 0:00,42224000,Project Appraisal Document, Ksh-   ," Ksh38,000,000.00 "," Ksh38,000,000.00 "
1.435560,31.343610,Uganda,Agriculture,More Than One Agricultural Sub-Sector,MARKETS AND AGRICULTURAL TRADE IMPROVEMENT PROJECT 1,7/1/2008 0:00,12/31/2015 0:00,1/12/2009 0:00,42224000,Project Appraisal Document, Ksh-   ," Ksh38,000,000.00 "," Ksh38,000,000.00 "
3.278330,32.886670,Uganda,Agriculture,More Than One Agricultural Sub-Sector,MARKETS AND AGRICULTURAL TRADE IMPROVEMENT PROJECT 1,7/1/2008 0:00,12/31/2015 0:00,1/12/2009 0:00,42224000,Project Appraisal Document, Ksh-   ," Ksh38,000,000.00 "," Ksh38,000,000.00 "
0.18333 ,30.083333,Uganda,Agriculture,More Than One Agricultural Sub-Sector,MARKETS AND AGRICULTURAL TRADE IMPROVEMENT PROJECT 1,7/1/2008 0:00,12/31/2015 0:00,1/12/2009 0:00,42224000,Project Appraisal Document, Ksh-   ," Ksh38,000,000.00 "," Ksh38,000,000.00 "
-1.262740,29.988120,Uganda,Agriculture,More Than One Agricultural Sub-Sector,MARKETS AND AGRICULTURAL TRADE IMPROVEMENT PROJECT 1,7/1/2008 0:00,12/31/2015 0:00,1/12/2009 0:00,42224000,Project Appraisal Document, Ksh-   ," Ksh38,000,000.00 "," Ksh38,000,000.00 "
-0.608650,30.657320,Uganda,Agriculture,More Than One Agricultural Sub-Sector,MARKETS AND AGRICULTURAL TRADE IMPROVEMENT PROJECT 1,7/1/2008 0:00,12/31/2015 0:00,1/12/2009 0:00,42224000,Project Appraisal Document, Ksh-   ," Ksh38,000,000.00 "," Ksh38,000,000.00 "
-0.325740,31.733810,Uganda,Agriculture,More Than One Agricultural Sub-Sector,MARKETS AND AGRICULTURAL TRADE IMPROVEMENT PROJECT 1,7/1/2008 0:00,12/31/2015 0:00,1/12/2009 0:00,42224000,Project Appraisal Document, Ksh-   ," Ksh38,000,000.00 "," Ksh38,000,000.00 "
0.056380,32.451970,Uganda,Agriculture,More Than One Agricultural Sub-Sector,MARKETS AND AGRICULTURAL TRADE IMPROVEMENT PROJECT 1,7/1/2008 0:00,12/31/2015 0:00,1/12/2009 0:00,42224000,Project Appraisal Document, Ksh-   ," Ksh38,000,000.00 "," Ksh38,000,000.00 "
0.443080,33.212830,Uganda,Agriculture,More Than One Agricultural Sub-Sector,MARKETS AND AGRICULTURAL TRADE IMPROVEMENT PROJECT 1,7/1/2008 0:00,12/31/2015 0:00,1/12/2009 0:00,42224000,Project Appraisal Document, Ksh-   ," Ksh38,000,000.00 "," Ksh38,000,000.00 "
0.656810,30.279790,Uganda,Agriculture,More Than One Agricultural Sub-Sector,MARKETS AND AGRICULTURAL TRADE IMPROVEMENT PROJECT 1,7/1/2008 0:00,12/31/2015 0:00,1/12/2009 0:00,42224000,Project Appraisal Document, Ksh-   ," Ksh38,000,000.00 "," Ksh38,000,000.00 "
0.687800,34.182370,Uganda,Agriculture,More Than One Agricultural Sub-Sector,MARKETS AND AGRICULTURAL TRADE IMPROVEMENT PROJECT 1,7/1/2008 0:00,12/31/2015 0:00,1/12/2009 0:00,42224000,Project Appraisal Document, Ksh-   ," Ksh38,000,000.00 "," Ksh38,000,000.00 "
1.080140,34.176130,Uganda,Agriculture,More Than One Agricultural Sub-Sector,MARKETS AND AGRICULTURAL TRADE IMPROVEMENT PROJECT 1,7/1/2008 0:00,12/31/2015 0:00,1/12/2009 0:00,42224000,Project Appraisal Document, Ksh-   ," Ksh38,000,000.00 "," Ksh38,000,000.00 "
1.729460,33.615680,Uganda,Agriculture,More Than One Agricultural Sub-Sector,MARKETS AND AGRICULTURAL TRADE IMPROVEMENT PROJECT 1,7/1/2008 0:00,12/31/2015 0:00,1/12/2009 0:00,42224000,Project Appraisal Document, Ksh-   ," Ksh38,000,000.00 "," Ksh38,000,000.00 "
2.252448,32.897463,Uganda,Agriculture,More Than One Agricultural Sub-Sector,MARKETS AND AGRICULTURAL TRADE IMPROVEMENT PROJECT 1,7/1/2008 0:00,12/31/2015 0:00,1/12/2009 0:00,42224000,Project Appraisal Document, Ksh-   ," Ksh38,000,000.00 "," Ksh38,000,000.00 "
2.782020,32.295710,Uganda,Agriculture,More Than One Agricultural Sub-Sector,MARKETS AND AGRICULTURAL TRADE IMPROVEMENT PROJECT 1,7/1/2008 0:00,12/31/2015 0:00,1/12/2009 0:00,42224000,Project Appraisal Document, Ksh-   ," Ksh38,000,000.00 "," Ksh38,000,000.00 "
2.53299 ,34.657630,Uganda,Agriculture,More Than One Agricultural Sub-Sector,MARKETS AND AGRICULTURAL TRADE IMPROVEMENT PROJECT 1,7/1/2008 0:00,12/31/2015 0:00,1/12/2009 0:00,42224000,Project Appraisal Document, Ksh-   ," Ksh38,000,000.00 "," Ksh38,000,000.00 "
3.02038 ,30.915270,Uganda,Agriculture,More Than One Agricultural Sub-Sector,MARKETS AND AGRICULTURAL TRADE IMPROVEMENT PROJECT 1,7/1/2008 0:00,12/31/2015 0:00,1/12/2009 0:00,42224000,Project Appraisal Document, Ksh-   ," Ksh38,000,000.00 "," Ksh38,000,000.00 "
0.335080,32.583130,Uganda,Agriculture,More Than One Agricultural Sub-Sector,MARKETS AND AGRICULTURAL TRADE IMPROVEMENT PROJECT 1,7/1/2008 0:00,12/31/2015 0:00,1/12/2009 0:00,42224000,Project Appraisal Document, Ksh-   ," Ksh38,000,000.00 "," Ksh38,000,000.00 "
0.500000,34.000000,Uganda,Agriculture,More Than One Agricultural Sub-Sector,MARKETS AND AGRICULTURAL TRADE IMPROVEMENT PROJECT 1,7/1/2008 0:00,12/31/2015 0:00,1/12/2009 0:00,42224000,Project Appraisal Document, Ksh-   ," Ksh38,000,000.00 "," Ksh38,000,000.00 "
-1.118050,30.176100,Uganda,Transport,Road Transport / Highways,ROAD SECTOR SUPPORT PROJECT 3,1/3/2011 0:00,12/28/2013 0:00,6/1/2009 0:00,110270000,ESIA Summary, Ksh-   ," Ksh80,000,000.00 "," Ksh80,000,000.00 "
-0.196640,30.844460,Uganda,Transport,Road Transport / Highways,ROAD SECTOR SUPPORT PROJECT 3,1/3/2011 0:00,12/28/2013 0:00,6/1/2009 0:00,110270000,ESIA Summary, Ksh-   ," Ksh80,000,000.00 "," Ksh80,000,000.00 "
-0.133980,30.496160,Uganda,Transport,Road Transport / Highways,ROAD SECTOR SUPPORT PROJECT 3,1/3/2011 0:00,12/28/2013 0:00,6/1/2009 0:00,110270000,ESIA Summary, Ksh-   ," Ksh80,000,000.00 "," Ksh80,000,000.00 "
-0.074444,30.785278,Uganda,Transport,Road Transport / Highways,ROAD SECTOR SUPPORT PROJECT 3,1/3/2011 0:00,12/28/2013 0:00,6/1/2009 0:00,110270000,ESIA Summary, Ksh-   ," Ksh80,000,000.00 "," Ksh80,000,000.00 "
0.702500,32.888611,Uganda,Transport,Road Transport / Highways,ROAD SECTOR SUPPORT PROJECT 3,1/3/2011 0:00,12/28/2013 0:00,6/1/2009 0:00,110270000,ESIA Summary, Ksh-   ," Ksh80,000,000.00 "," Ksh80,000,000.00 "
1.313056,32.867500,Uganda,Transport,Road Transport / Highways,ROAD SECTOR SUPPORT PROJECT 3,1/3/2011 0:00,12/28/2013 0:00,6/1/2009 0:00,110270000,ESIA Summary, Ksh-   ," Ksh80,000,000.00 "," Ksh80,000,000.00 "
1.435560,31.343610,Uganda,Transport,Road Transport / Highways,ROAD SECTOR SUPPORT PROJECT 3,1/3/2011 0:00,12/28/2013 0:00,6/1/2009 0:00,110270000,ESIA Summary, Ksh-   ," Ksh80,000,000.00 "," Ksh80,000,000.00 "
1.811389,31.330556,Uganda,Transport,Road Transport / Highways,ROAD SECTOR SUPPORT PROJECT 3,1/3/2011 0:00,12/28/2013 0:00,6/1/2009 0:00,110270000,ESIA Summary, Ksh-   ," Ksh80,000,000.00 "," Ksh80,000,000.00 "
2.183333,31.383333,Uganda,Transport,Road Transport / Highways,ROAD SECTOR SUPPORT PROJECT 3,1/3/2011 0:00,12/28/2013 0:00,6/1/2009 0:00,110270000,ESIA Summary, Ksh-   ," Ksh80,000,000.00 "," Ksh80,000,000.00 "
0.1866 ,30.453930,Uganda,Transport,Road Transport / Highways,ROAD SECTOR SUPPORT PROJECT 3,1/3/2011 0:00,12/28/2013 0:00,6/1/2009 0:00,110270000,ESIA Summary, Ksh-   ," Ksh80,000,000.00 "," Ksh80,000,000.00 "
-0.250000,30.916670,Uganda,Transport,Road Transport / Highways,ROAD SECTOR SUPPORT PROJECT 3,1/3/2011 0:00,12/28/2013 0:00,6/1/2009 0:00,110270000,ESIA Summary ; Project Appraisal Document, Ksh-   ," Ksh80,000,000.00 "," Ksh80,000,000.00 "
0.000000,30.500000,Uganda,Transport,Road Transport / Highways,ROAD SECTOR SUPPORT PROJECT 3,1/3/2011 0:00,12/28/2013 0:00,6/1/2009 0:00,110270000,ESIA Summary ; Project Appraisal Document, Ksh-   ," Ksh80,000,000.00 "," Ksh80,000,000.00 "
0.166667,30.416667,Uganda,Transport,Road Transport / Highways,ROAD SECTOR SUPPORT PROJECT 3,1/3/2011 0:00,12/28/2013 0:00,6/1/2009 0:00,110270000,ESIA Summary ; Project Appraisal Document, Ksh-   ," Ksh80,000,000.00 "," Ksh80,000,000.00 "
2.000000,33.000000,Uganda,Social,Poverty Allevation And Micro-Finance,RURAL INCOME AND EMPLOYMENT ENHANCEMENT PROJECT (RIEEP),1/1/2009 0:00,1/2/2014 0:00,3/17/2009 0:00,12010000,Project Portfolio ; AFDB Appraisal Report, Ksh-   ," Ksh10,210,000.00 "," Ksh10,210,000.00 "
